Flights,Index
Soyuz TM-6,0
STS-124,1
Soyuz TMA-05M,2
Apollo 12,3
Skylab 3,4
STS-122,5
STS-131,6
Mercury-Redstone 3,7
Apollo 14,8
STS-73,9
Soyuz TM-5,10
Soyuz TM-9,11
Soyuz 29,12
Soyuz TM-2,13
Soyuz TM-25,14
Soyuz TMA-08M,15
Soyuz MS-06,16
Soyuz T-9,17
Soyuz TM-3,18
Soyuz TMA-21,19
Soyuz TMA-14M,20
Soyuz T-7,21
Soyuz T-8,22
Soyuz TM-8,23
Soyuz TM-17,24
Soyuz TMA-18,25
Soyuz TMA-12M,26
Soyuz MS-13,27
Soyuz 17,28
Soyuz 28,29
Voskhod 2,30
Soyuz 19,31
Soyuz 5,32
Soyuz 8,33
Soyuz 10,34
Soyuz TMA-20M,35
Soyuz MS-12,36
Soyuz TMA-13M,37
Soyuz MS-09,38
Soyuz TM-14,39
Soyuz TM-24,40
Soyuz TM-30,41
Soyuz TMA-3,42
Soyuz TMA-01M,43
Soyuz TM-16,44
Soyuz TM-20,45
Soyuz T-14,46
Soyuz TM-7,47
Soyuz TM-13,48
Apollo 15,49
Soyuz T-5,50
Soyuz TMA-22,51
Soyuz MS-01,52
Soyuz MS-16,53
Soyuz TM-4,54
Soyuz TM-12,55
Soyuz 7,56
Soyuz 16,57
Soyuz TM-15,58
STS-71,59
Soyuz TM-26,60
Soyuz TMA-18M,61
Soyuz MS-02,62
STS-125,63
STS-134,64
Soyuz MS-08,65
STS-46,66
STS-62,67
STS-75,68
STS-77,69
STS-89,70
STS-102,71
STS-114,72
Vostok 3,73
Soyuz 9,74
Soyuz TMA-4,75
Soyuz TMA-03M,76
STS-51-A,77
Soyuz MS-11,78
Soyuz TMA-9,79
STS-51-F,80
Soyuz TMA-15M,81
Soyuz MS-07,82
Soyuz 38,83
STS-118,84
STS-133,85
STS-129,86
STS-55,87
STS-63,88
Soyuz 36,89
STS-85,90
STS-61-A,91
STS-32,92
STS-50,93
STS-106,94
Soyuz 21,95
Voskhod 1,96
STS-72,97
STS-81,98
STS-97,99
STS-115,100
STS-9,101
STS-61-B,102
STS-28,103
SpaceShipOne flight 17P,104
STS-45,105
STS-57,106
STS-92,107
STS-41-B,108
STS-31,109
STS-41,110
STS-49,111
STS-40,112
Gemini 12,113
Apollo 11,114
STS-38,115
STS-64,116
STS-51,117
STS-65,118
STS-79,119
STS-108,120
STS-84,121
STS-93,122
Soyuz TMA-20,123
Gemini 5,124
Gemini 11,125
Skylab 2,126
STS-61-C,127
STS-60,128
STS-41-D,129
STS-51-D,130
Apollo 16,131
STS-78,132
STS-3,133
STS-48,134
STS-104,135
STS-91,136
Soyuz TMA-10,137
Soyuz TMA-14,138
STS-39,139
STS-52,140
Shenzhou 11,141
STS-95,142
STS-74,143
STS-100,144
Soyuz TMA-07M,145
STS-116,146
STS-128,147
STS-127,148
STS-126,149
STS-135,150
STS-61,151
STS-103,152
Soyuz TM-33,153
STS-117,154
STS-47,155
STS-66,156
STS-90,157
STS-8,158
STS-96,159
STS-105,160
STS-51-G,161
STS-68,162
STS-120,163
STS-51-J,164
STS-26,165
STS-36,166
STS-42,167
STS-41-G,168
STS-107,169
STS-30,170
STS-53,171
STS-69,172
Gemini 8,173
Apollo 9,174
STS-58,175
STS-86,176
STS-112,177
Soyuz TM-32,178
STS-41-C,179
STS-119,180
STS-132,181
STS-99,182
STS-123,183
STS-51-B,184
Apollo-Soyuz Test Project,185
STS-54,186
STS-6,187
STS-113,188
STS-70,189
STS-83,190
STS-94,191
STS-34,192
Apollo 7,193
Crew Dragon Demo-2,194
Soyuz TMA-19,195
STS-109,196
Soyuz 40,197
Skylab 4,198
Soyuz TMA-2,199
Gemini 4,200
STS-56,201
STS-110,202
STS-51-C,203
Gemini 9A,204
Apollo 10,205
Apollo 17,206
Soyuz TMA-06M,207
Shenzhou 6,208
Gemini 7,209
Apollo 8,210
Soyuz TMA-1,211
Soyuz TMA-15,212
STS-111,213
Apollo 13,214
STS-33,215
STS-44,216
STS-7,217
STS-88,218
Soyuz TMA-09M,219
Soyuz MS-04,220
STS-43,221
Soyuz TM-10,222
Soyuz 15,223
Soyuz TM-28,224
Soyuz TMA-04M,225
Soyuz TMA-16M,226
Soyuz T-3,227
Soyuz T-11,228
Soyuz TM-21,229
STS-130,230
Soyuz 3,231
Soyuz 11,232
Soyuz 26,233
Soyuz 33,234
Soyuz 6,235
Vostok 2,236
STS-51-L,237
STS-82,238
Soyuz TMA-7,239
STS-27,240
STS-35,241
Soyuz TMA-16,242
Soyuz MS-15,243
STS-4,244
Soyuz T-12,245
Soyuz TM-29,246
STS-51-I,247
STS-29,248
STS-101,249
Soyuz T-6,250
Soyuz TMA-8,251
STS-37,252
STS-59,253
Shenzhou 7,254
Shenzhou 9,255
STS-2,256
Mercury-Atlas 6,257
STS-67,258
Soyuz TMA-6,259
Gemini 3,260
Gemini 10,261
STS-1,262
X-15 flight 90,263
X-15 flight 91,264
STS-5,265
Soyuz 39,266
STS-87,267
STS-80,268
STS-98,269
STS-76,270
Soyuz TMA-17M,271
Soyuz TMA-11M,272
Mercury-Atlas 9,273
Soyuz T-10,274
Soyuz T-15,275
Soyuz 35,276
Soyuz TMA-5,277
STS-121,278
Soyuz TM-27,279
Soyuz TM-34,280
Soyuz TMA-13,281
Soyuz TMA-02M,282
SpaceShipOne flight 15P,283
SpaceShipOne flight 16P,284
Soyuz TMA-10M,285
Soyuz 30,286
Soyuz TM-11,287
Shenzhou 10,288
Soyuz TMA-12,289
Soyuz TMA-17,290
Soyuz 12,291
Soyuz 18-1,292
Soyuz 27,293
Soyuz MS-03,294
Soyuz MS-05,295
Vostok 4,296
Soyuz 14,297
Soyuz TMA-11,298
Soyuz 13,299
Soyuz 18,300
Soyuz 37,301
Mercury-Atlas 7,302
Soyuz TM-22,303
Soyuz TM-31,304
Soyuz 31,305
Soyuz TM-19,306
Gemini 6A,307
Soyuz TMA-19M,308
Vostok 6,309
Soyuz TM-18,310
Vostok 5,311
Soyuz 22,312
Soyuz 23,313
Soyuz 25,314
Soyuz 32,315
Soyuz 24,316
Soyuz T-4,317
Soyuz T-13,318
Mercury-Redstone 4,319
Soyuz T-2,320
Soyuz 1,321
Soyuz 4,322
Mercury-Atlas 8,323
Shenzhou 5,324
Vostok 1,325
Soyuz TM-23,326
